{
    "mass": 6.6335215e-26,
    "gamma": 1.66666
}
